GHCND:USC00351862;19520501;144;44;1952;5;1;9.4;0
GHCND:USC00351862;19520502;172;0;1952;5;2;8.6;1
GHCND:USC00351862;19520503;167;6;1952;5;3;8.65;2
GHCND:USC00351862;19520504;156;0;1952;5;4;7.8;3
GHCND:USC00351862;19520505;156;33;1952;5;5;9.45;4
GHCND:USC00351862;19520506;200;89;1952;5;6;14.45;5
GHCND:USC00351862;19520507;200;89;1952;5;7;14.45;6
GHCND:USC00351862;19520508;167;89;1952;5;8;12.8;7
GHCND:USC00351862;19520509;244;28;1952;5;9;13.6;8
GHCND:USC00351862;19520510;233;100;1952;5;10;16.65;9
GHCND:USC00351862;19520511;217;111;1952;5;11;16.4;10
GHCND:USC00351862;19520512;217;72;1952;5;12;14.45;11
GHCND:USC00351862;19520513;172;89;1952;5;13;13.05;12
GHCND:USC00351862;19520514;150;78;1952;5;14;11.4;13
GHCND:USC00351862;19520515;183;33;1952;5;15;10.8;14
GHCND:USC00351862;19520516;283;72;1952;5;16;17.75;15
GHCND:USC00351862;19520517;306;100;1952;5;17;20.3;16
GHCND:USC00351862;19520518;244;106;1952;5;18;17.5;17
GHCND:USC00351862;19520519;217;94;1952;5;19;15.55;18
GHCND:USC00351862;19520520;167;100;1952;5;20;13.35;19
GHCND:USC00351862;19520521;194;72;1952;5;21;13.3;20
GHCND:USC00351862;19520523;233;72;1952;5;23;15.25;22
GHCND:USC00351862;19520524;261;50;1952;5;24;15.55;23
GHCND:USC00351862;19520525;233;39;1952;5;25;13.6;24
GHCND:USC00351862;19520526;278;67;1952;5;26;17.25;25
GHCND:USC00351862;19520527;300;72;1952;5;27;18.6;26
GHCND:USC00351862;19520528;183;89;1952;5;28;13.6;27
GHCND:USC00351862;19520529;189;56;1952;5;29;12.25;28
GHCND:USC00351862;19520530;217;56;1952;5;30;13.65;29
GHCND:USC00351862;19520601;161;22;1952;6;1;9.15;31
GHCND:USC00351862;19520602;211;78;1952;6;2;14.45;32
GHCND:USC00351862;19520603;261;61;1952;6;3;16.1;33
GHCND:USC00351862;19520604;256;89;1952;6;4;17.25;34
GHCND:USC00351862;19520605;278;72;1952;6;5;17.5;35
GHCND:USC00351862;19520606;244;106;1952;6;6;17.5;36
GHCND:USC00351862;19520607;211;44;1952;6;7;12.75;37
GHCND:USC00351862;19520608;239;72;1952;6;8;15.55;38
GHCND:USC00351862;19520609;272;94;1952;6;9;18.3;39
GHCND:USC00351862;19520610;222;72;1952;6;10;14.7;40
GHCND:USC00351862;19520611;167;67;1952;6;11;11.7;41
GHCND:USC00351862;19520612;150;44;1952;6;12;9.7;42
GHCND:USC00351862;19520613;178;44;1952;6;13;11.1;43
GHCND:USC00351862;19520614;206;83;1952;6;14;14.45;44
GHCND:USC00351862;19520615;150;28;1952;6;15;8.9;45
GHCND:USC00351862;19520616;183;89;1952;6;16;13.6;46
GHCND:USC00351862;19520617;217;78;1952;6;17;14.75;47
GHCND:USC00351862;19520618;222;89;1952;6;18;15.55;48
GHCND:USC00351862;19520619;244;67;1952;6;19;15.55;49
GHCND:USC00351862;19520620;250;89;1952;6;20;16.95;50
GHCND:USC00351862;19520621;183;94;1952;6;21;13.85;51
GHCND:USC00351862;19520622;189;89;1952;6;22;13.9;52
GHCND:USC00351862;19520623;200;117;1952;6;23;15.85;53
GHCND:USC00351862;19520624;183;100;1952;6;24;14.15;54
GHCND:USC00351862;19520625;217;106;1952;6;25;16.15;55
GHCND:USC00351862;19520626;211;94;1952;6;26;15.25;56
GHCND:USC00351862;19520627;222;122;1952;6;27;17.2;57
GHCND:USC00351862;19520628;172;128;1952;6;28;15;58
GHCND:USC00351862;19520629;233;117;1952;6;29;17.5;59
GHCND:USC00351862;19520630;172;50;1952;6;30;11.1;60
GHCND:USC00351862;19520701;217;94;1952;7;1;15.55;61
GHCND:USC00351862;19520702;200;94;1952;7;2;14.7;62
GHCND:USC00351862;19520703;267;133;1952;7;3;20;63
GHCND:USC00351862;19520704;306;94;1952;7;4;20;64
GHCND:USC00351862;19520705;256;106;1952;7;5;18.1;65
GHCND:USC00351862;19520706;289;94;1952;7;6;19.15;66
GHCND:USC00351862;19520707;278;139;1952;7;7;20.85;67
GHCND:USC00351862;19520708;328;128;1952;7;8;22.8;68
GHCND:USC00351862;19520709;372;122;1952;7;9;24.7;69
GHCND:USC00351862;19520710;356;117;1952;7;10;23.65;70
GHCND:USC00351862;19520711;300;72;1952;7;11;18.6;71
GHCND:USC00351862;19520712;283;67;1952;7;12;17.5;72
GHCND:USC00351862;19520713;272;100;1952;7;13;18.6;73
GHCND:USC00351862;19520714;333;144;1952;7;14;23.85;74
GHCND:USC00351862;19520715;356;122;1952;7;15;23.9;75
GHCND:USC00351862;19520716;317;61;1952;7;16;18.9;76
GHCND:USC00351862;19520717;278;83;1952;7;17;18.05;77
GHCND:USC00351862;19520718;261;61;1952;7;18;16.1;78
GHCND:USC00351862;19520719;256;89;1952;7;19;17.25;79
GHCND:USC00351862;19520720;267;61;1952;7;20;16.4;80
GHCND:USC00351862;19520721;244;117;1952;7;21;18.05;81
GHCND:USC00351862;19520722;222;67;1952;7;22;14.45;82
GHCND:USC00351862;19520723;300;128;1952;7;23;21.4;83
GHCND:USC00351862;19520724;217;78;1952;7;24;14.75;84
GHCND:USC00351862;19520725;256;111;1952;7;25;18.35;85
GHCND:USC00351862;19520726;322;94;1952;7;26;20.8;86
GHCND:USC00351862;19520727;317;111;1952;7;27;21.4;87
GHCND:USC00351862;19520728;328;94;1952;7;28;21.1;88
GHCND:USC00351862;19520729;322;83;1952;7;29;20.25;89
GHCND:USC00351862;19520730;317;78;1952;7;30;19.75;90
GHCND:USC00351862;19520731;322;94;1952;7;31;20.8;91
GHCND:USC00351862;19520801;278;106;1952;8;1;19.2;92
GHCND:USC00351862;19520802;283;72;1952;8;2;17.75;93
GHCND:USC00351862;19520803;328;128;1952;8;3;22.8;94
GHCND:USC00351862;19520804;378;144;1952;8;4;26.1;95
GHCND:USC00351862;19520805;350;72;1952;8;5;21.1;96
GHCND:USC00351862;19520806;289;72;1952;8;6;18.05;97
GHCND:USC00351862;19520807;278;106;1952;8;7;19.2;98
GHCND:USC00351862;19520808;289;128;1952;8;8;20.85;99
GHCND:USC00351862;19520809;289;122;1952;8;9;20.55;100
GHCND:USC00351862;19520810;317;111;1952;8;10;21.4;101
GHCND:USC00351862;19520811;306;83;1952;8;11;19.45;102
GHCND:USC00351862;19520812;317;94;1952;8;12;20.55;103
GHCND:USC00351862;19520813;300;89;1952;8;13;19.45;104
GHCND:USC00351862;19520814;244;122;1952;8;14;18.3;105
GHCND:USC00351862;19520815;244;133;1952;8;15;18.85;106
GHCND:USC00351862;19520816;211;133;1952;8;16;17.2;107
GHCND:USC00351862;19520817;244;89;1952;8;17;16.65;108
GHCND:USC00351862;19520818;233;122;1952;8;18;17.75;109
GHCND:USC00351862;19520819;217;78;1952;8;19;14.75;110
GHCND:USC00351862;19520820;244;50;1952;8;20;14.7;111
GHCND:USC00351862;19520821;267;56;1952;8;21;16.15;112
GHCND:USC00351862;19520822;283;122;1952;8;22;20.25;113
GHCND:USC00351862;19520823;267;100;1952;8;23;18.35;114
GHCND:USC00351862;19520824;250;50;1952;8;24;15;115
GHCND:USC00351862;19520825;217;72;1952;8;25;14.45;116
GHCND:USC00351862;19520826;217;50;1952;8;26;13.35;117
GHCND:USC00351862;19520827;222;67;1952;8;27;14.45;118
GHCND:USC00351862;19520828;250;67;1952;8;28;15.85;119
GHCND:USC00351862;19520829;300;61;1952;8;29;18.05;120
GHCND:USC00351862;19520830;267;94;1952;8;30;18.05;121
GHCND:USC00351862;19520831;272;67;1952;8;31;16.95;122
GHCND:USC00351862;19520901;278;128;1952;9;1;20.3;123
GHCND:USC00351862;19520902;350;83;1952;9;2;21.65;124
GHCND:USC00351862;19520903;344;100;1952;9;3;22.2;125
GHCND:USC00351862;19520904;322;117;1952;9;4;21.95;126
GHCND:USC00351862;19520905;233;128;1952;9;5;18.05;127
GHCND:USC00351862;19520906;206;122;1952;9;6;16.4;128
GHCND:USC00351862;19520907;200;78;1952;9;7;13.9;129
GHCND:USC00351862;19520908;217;83;1952;9;8;15;130
GHCND:USC00351862;19520909;161;44;1952;9;9;10.25;131
GHCND:USC00351862;19520910;189;22;1952;9;10;10.55;132
GHCND:USC00351862;19520911;222;22;1952;9;11;12.2;133
GHCND:USC00351862;19520912;228;72;1952;9;12;15;134
GHCND:USC00351862;19520913;222;56;1952;9;13;13.9;135
GHCND:USC00351862;19520914;233;100;1952;9;14;16.65;136
GHCND:USC00351862;19520915;306;44;1952;9;15;17.5;137
GHCND:USC00351862;19520916;294;56;1952;9;16;17.5;138
GHCND:USC00351862;19520917;278;83;1952;9;17;18.05;139
GHCND:USC00351862;19520918;311;128;1952;9;18;21.95;140
GHCND:USC00351862;19520919;317;144;1952;9;19;23.05;141
GHCND:USC00351862;19520920;328;111;1952;9;20;21.95;142
GHCND:USC00351862;19520921;350;61;1952;9;21;20.55;143
GHCND:USC00351862;19520922;350;67;1952;9;22;20.85;144
GHCND:USC00351862;19520923;350;61;1952;9;23;20.55;145
GHCND:USC00351862;19520924;294;67;1952;9;24;18.05;146
GHCND:USC00351862;19520925;278;94;1952;9;25;18.6;147
GHCND:USC00351862;19520926;289;72;1952;9;26;18.05;148
GHCND:USC00351862;19520927;228;72;1952;9;27;15;149
GHCND:USC00351862;19520928;239;72;1952;9;28;15.55;150
GHCND:USC00351862;19520929;250;28;1952;9;29;13.9;151
GHCND:USC00351862;19520930;239;106;1952;9;30;17.25;152
GHCND:USC00351862;19521001;272;117;1952;10;1;19.45;153
GHCND:USC00351862;19521002;300;72;1952;10;2;18.6;154
GHCND:USC00351862;19521003;311;72;1952;10;3;19.15;155
GHCND:USC00351862;19521004;294;50;1952;10;4;17.2;156
GHCND:USC00351862;19521005;294;28;1952;10;5;16.1;157
GHCND:USC00351862;19521006;300;22;1952;10;6;16.1;158
GHCND:USC00351862;19521007;306;33;1952;10;7;16.95;159
GHCND:USC00351862;19521008;267;67;1952;10;8;16.7;160
GHCND:USC00351862;19521009;178;139;1952;10;9;15.85;161
GHCND:USC00351862;19521010;206;78;1952;10;10;14.2;162
GHCND:USC00351862;19521011;211;28;1952;10;11;11.95;163
GHCND:USC00351862;19521012;239;39;1952;10;12;13.9;164
GHCND:USC00351862;19521013;244;50;1952;10;13;14.7;165
GHCND:USC00351862;19521014;228;72;1952;10;14;15;166
GHCND:USC00351862;19521015;267;11;1952;10;15;13.9;167
GHCND:USC00351862;19521016;256;6;1952;10;16;13.1;168
GHCND:USC00351862;19521017;239;22;1952;10;17;13.05;169
GHCND:USC00351862;19521018;244;61;1952;10;18;15.25;170
GHCND:USC00351862;19521019;183;100;1952;10;19;14.15;171
GHCND:USC00351862;19521020;222;78;1952;10;20;15;172
GHCND:USC00351862;19521021;194;89;1952;10;21;14.15;173
GHCND:USC00351862;19521022;194;89;1952;10;22;14.15;174
GHCND:USC00351862;19521023;178;72;1952;10;23;12.5;175
GHCND:USC00351862;19521024;172;39;1952;10;24;10.55;176
GHCND:USC00351862;19521025;167;17;1952;10;25;9.2;177
GHCND:USC00351862;19521026;178;39;1952;10;26;10.85;178
GHCND:USC00351862;19521027;156;33;1952;10;27;9.45;179
GHCND:USC00351862;19521028;156;6;1952;10;28;8.1;180
GHCND:USC00351862;19521029;100;22;1952;10;29;6.1;181
GHCND:USC00351862;19521030;161;67;1952;10;30;11.4;182
GHCND:USC00351862;19521031;161;39;1952;10;31;10;183
GHCND:USC00351862;19521101;89;11;1952;11;1;5;184
GHCND:USC00351862;19521102;111;0;1952;11;2;5.55;185
GHCND:USC00351862;19521103;111;0;1952;11;3;5.55;186
GHCND:USC00351862;19521104;89;33;1952;11;4;6.1;187
GHCND:USC00351862;19521105;128;-6;1952;11;5;6.1;188
GHCND:USC00351862;19521106;111;0;1952;11;6;5.55;189
GHCND:USC00351862;19521107;83;-6;1952;11;7;3.85;190
GHCND:USC00351862;19521108;100;-22;1952;11;8;3.9;191
GHCND:USC00351862;19521109;78;6;1952;11;9;4.2;192
GHCND:USC00351862;19521110;128;22;1952;11;10;7.5;193
GHCND:USC00351862;19521111;128;56;1952;11;11;9.2;194
GHCND:USC00351862;19521112;100;61;1952;11;12;8.05;195
GHCND:USC00351862;19521113;122;50;1952;11;13;8.6;196
GHCND:USC00351862;19521114;56;0;1952;11;14;2.8;197
GHCND:USC00351862;19521115;72;11;1952;11;15;4.15;198
GHCND:USC00351862;19521116;33;11;1952;11;16;2.2;199
GHCND:USC00351862;19521117;61;17;1952;11;17;3.9;200
GHCND:USC00351862;19521118;39;17;1952;11;18;2.8;201
GHCND:USC00351862;19521119;39;22;1952;11;19;3.05;202
GHCND:USC00351862;19521120;89;22;1952;11;20;5.55;203
GHCND:USC00351862;19521121;111;-28;1952;11;21;4.15;204
GHCND:USC00351862;19521122;117;-33;1952;11;22;4.2;205
GHCND:USC00351862;19521123;89;-67;1952;11;23;1.1;206
GHCND:USC00351862;19521124;56;-67;1952;11;24;-0.55;207
GHCND:USC00351862;19521125;56;-61;1952;11;25;-0.25;208
GHCND:USC00351862;19521126;50;-78;1952;11;26;-1.4;209
GHCND:USC00351862;19521127;39;-94;1952;11;27;-2.75;210
GHCND:USC00351862;19521128;22;-50;1952;11;28;-1.4;211
GHCND:USC00351862;19521129;39;-67;1952;11;29;-1.4;212
GHCND:USC00351862;19521130;39;-11;1952;11;30;1.4;213
GHCND:USC00351862;19521201;56;11;1952;12;1;3.35;214
GHCND:USC00351862;19521202;67;33;1952;12;2;5;215
GHCND:USC00351862;19521203;111;56;1952;12;3;8.35;216
GHCND:USC00351862;19521204;111;28;1952;12;4;6.95;217
GHCND:USC00351862;19521205;67;6;1952;12;5;3.65;218
GHCND:USC00351862;19521206;72;44;1952;12;6;5.8;219
GHCND:USC00351862;19521207;94;28;1952;12;7;6.1;220
GHCND:USC00351862;19521208;72;17;1952;12;8;4.45;221
GHCND:USC00351862;19521209;94;28;1952;12;9;6.1;222
GHCND:USC00351862;19521210;111;22;1952;12;10;6.65;223
GHCND:USC00351862;19521211;133;39;1952;12;11;8.6;224
GHCND:USC00351862;19521212;156;11;1952;12;12;8.35;225
GHCND:USC00351862;19521213;122;6;1952;12;13;6.4;226
GHCND:USC00351862;19521214;144;-6;1952;12;14;6.9;227
GHCND:USC00351862;19521215;28;-11;1952;12;15;0.85;228
GHCND:USC00351862;19521216;78;0;1952;12;16;3.9;229
GHCND:USC00351862;19521217;61;-6;1952;12;17;2.75;230
GHCND:USC00351862;19521218;56;11;1952;12;18;3.35;231
GHCND:USC00351862;19521219;72;44;1952;12;19;5.8;232
GHCND:USC00351862;19521220;94;33;1952;12;20;6.35;233
GHCND:USC00351862;19521221;89;22;1952;12;21;5.55;234
GHCND:USC00351862;19521222;94;-11;1952;12;22;4.15;235
GHCND:USC00351862;19521223;22;-6;1952;12;23;0.8;236
GHCND:USC00351862;19521224;22;-33;1952;12;24;-0.55;237
GHCND:USC00351862;19521225;39;-11;1952;12;25;1.4;238
GHCND:USC00351862;19521226;72;-6;1952;12;26;3.3;239
GHCND:USC00351862;19521227;106;-28;1952;12;27;3.9;240
GHCND:USC00351862;19521228;89;0;1952;12;28;4.45;241
GHCND:USC00351862;19521229;133;50;1952;12;29;9.15;242
GHCND:USC00351862;19521230;106;11;1952;12;30;5.85;243
GHCND:USC00351862;19521231;72;-6;1952;12;31;3.3;244
GHCND:USC00351862;19530101;106;-6;1953;1;1;5;245
GHCND:USC00351862;19530102;128;6;1953;1;2;6.7;246
GHCND:USC00351862;19530103;139;39;1953;1;3;8.9;247
GHCND:USC00351862;19530104;139;17;1953;1;4;7.8;248
GHCND:USC00351862;19530105;72;6;1953;1;5;3.9;249
GHCND:USC00351862;19530106;22;11;1953;1;6;1.65;250
GHCND:USC00351862;19530107;83;11;1953;1;7;4.7;251
GHCND:USC00351862;19530108;100;61;1953;1;8;8.05;252
GHCND:USC00351862;19530109;144;100;1953;1;9;12.2;253
GHCND:USC00351862;19530110;133;39;1953;1;10;8.6;254
GHCND:USC00351862;19530111;106;61;1953;1;11;8.35;255
GHCND:USC00351862;19530112;133;100;1953;1;12;11.65;256
GHCND:USC00351862;19530113;133;72;1953;1;13;10.25;257
GHCND:USC00351862;19530114;89;44;1953;1;14;6.65;258
GHCND:USC00351862;19530115;94;50;1953;1;15;7.2;259
GHCND:USC00351862;19530116;106;83;1953;1;16;9.45;260
GHCND:USC00351862;19530117;122;89;1953;1;17;10.55;261
GHCND:USC00351862;19530118;106;100;1953;1;18;10.3;262
GHCND:USC00351862;19530119;144;72;1953;1;19;10.8;263
GHCND:USC00351862;19530120;122;78;1953;1;20;10;264
GHCND:USC00351862;19530121;111;39;1953;1;21;7.5;265
GHCND:USC00351862;19530122;83;56;1953;1;22;6.95;266
GHCND:USC00351862;19530123;122;67;1953;1;23;9.45;267
GHCND:USC00351862;19530124;139;33;1953;1;24;8.6;268
GHCND:USC00351862;19530125;122;33;1953;1;25;7.75;269
GHCND:USC00351862;19530126;72;22;1953;1;26;4.7;270
GHCND:USC00351862;19530127;72;17;1953;1;27;4.45;271
GHCND:USC00351862;19530128;78;44;1953;1;28;6.1;272
GHCND:USC00351862;19530129;94;61;1953;1;29;7.75;273
GHCND:USC00351862;19530130;117;72;1953;1;30;9.45;274
GHCND:USC00351862;19530131;122;78;1953;1;31;10;275
GHCND:USC00351862;19530201;128;17;1953;2;1;7.25;276
GHCND:USC00351862;19530202;106;44;1953;2;2;7.5;277
GHCND:USC00351862;19530203;111;56;1953;2;3;8.35;278
GHCND:USC00351862;19530204;122;50;1953;2;4;8.6;279
GHCND:USC00351862;19530205;89;56;1953;2;5;7.25;280
GHCND:USC00351862;19530206;117;72;1953;2;6;9.45;281
GHCND:USC00351862;19530207;144;94;1953;2;7;11.9;282
GHCND:USC00351862;19530208;117;11;1953;2;8;6.4;283
GHCND:USC00351862;19530209;111;-6;1953;2;9;5.25;284
GHCND:USC00351862;19530210;100;-11;1953;2;10;4.45;285
GHCND:USC00351862;19530211;122;-17;1953;2;11;5.25;286
GHCND:USC00351862;19530212;100;6;1953;2;12;5.3;287
GHCND:USC00351862;19530213;122;22;1953;2;13;7.2;288
GHCND:USC00351862;19530214;117;39;1953;2;14;7.8;289
GHCND:USC00351862;19530215;106;11;1953;2;15;5.85;290
GHCND:USC00351862;19530216;67;33;1953;2;16;5;291
GHCND:USC00351862;19530217;89;33;1953;2;17;6.1;292
GHCND:USC00351862;19530218;72;6;1953;2;18;3.9;293
GHCND:USC00351862;19530219;94;-33;1953;2;19;3.05;294
GHCND:USC00351862;19530220;100;11;1953;2;20;5.55;295
GHCND:USC00351862;19530221;78;22;1953;2;21;5;296
GHCND:USC00351862;19530222;106;28;1953;2;22;6.7;297
GHCND:USC00351862;19530223;106;-33;1953;2;23;3.65;298
GHCND:USC00351862;19530224;89;-39;1953;2;24;2.5;299
GHCND:USC00351862;19530225;117;-22;1953;2;25;4.75;300
GHCND:USC00351862;19530226;122;-17;1953;2;26;5.25;301
GHCND:USC00351862;19530227;133;17;1953;2;27;7.5;302
GHCND:USC00351862;19530228;133;28;1953;2;28;8.05;303
GHCND:USC00351862;19530301;106;-28;1953;3;1;3.9;304
GHCND:USC00351862;19530302;83;-33;1953;3;2;2.5;305
GHCND:USC00351862;19530303;72;0;1953;3;3;3.6;306
GHCND:USC00351862;19530304;111;-28;1953;3;4;4.15;307
GHCND:USC00351862;19530305;156;-17;1953;3;5;6.95;308
GHCND:USC00351862;19530306;144;-11;1953;3;6;6.65;309
GHCND:USC00351862;19530307;156;33;1953;3;7;9.45;310
GHCND:USC00351862;19530308;156;11;1953;3;8;8.35;311
GHCND:USC00351862;19530309;217;33;1953;3;9;12.5;312
GHCND:USC00351862;19530310;133;44;1953;3;10;8.85;313
GHCND:USC00351862;19530311;94;61;1953;3;11;7.75;314
GHCND:USC00351862;19530312;117;33;1953;3;12;7.5;315
GHCND:USC00351862;19530313;106;11;1953;3;13;5.85;316
GHCND:USC00351862;19530314;106;0;1953;3;14;5.3;317
GHCND:USC00351862;19530315;106;17;1953;3;15;6.15;318
GHCND:USC00351862;19530316;89;44;1953;3;16;6.65;319
GHCND:USC00351862;19530317;78;11;1953;3;17;4.45;320
GHCND:USC00351862;19530318;94;56;1953;3;18;7.5;321
GHCND:USC00351862;19530319;72;33;1953;3;19;5.25;322
GHCND:USC00351862;19530320;111;22;1953;3;20;6.65;323
GHCND:USC00351862;19530321;67;28;1953;3;21;4.75;324
GHCND:USC00351862;19530322;94;56;1953;3;22;7.5;325
GHCND:USC00351862;19530323;122;50;1953;3;23;8.6;326
GHCND:USC00351862;19530324;206;67;1953;3;24;13.65;327
GHCND:USC00351862;19530325;94;0;1953;3;25;4.7;328
GHCND:USC00351862;19530326;122;6;1953;3;26;6.4;329
GHCND:USC00351862;19530327;156;28;1953;3;27;9.2;330
GHCND:USC00351862;19530328;139;44;1953;3;28;9.15;331
GHCND:USC00351862;19530329;117;11;1953;3;29;6.4;332
GHCND:USC00351862;19530330;133;44;1953;3;30;8.85;333
GHCND:USC00351862;19530331;111;-11;1953;3;31;5;334
GHCND:USC00351862;19530401;100;11;1953;4;1;5.55;335
GHCND:USC00351862;19530402;117;33;1953;4;2;7.5;336
GHCND:USC00351862;19530403;178;44;1953;4;3;11.1;337
GHCND:USC00351862;19530404;172;33;1953;4;4;10.25;338
GHCND:USC00351862;19530405;150;61;1953;4;5;10.55;339
GHCND:USC00351862;19530406;122;11;1953;4;6;6.65;340
GHCND:USC00351862;19530407;111;17;1953;4;7;6.4;341
GHCND:USC00351862;19530408;111;-17;1953;4;8;4.7;342
GHCND:USC00351862;19530409;111;6;1953;4;9;5.85;343
GHCND:USC00351862;19530410;117;-11;1953;4;10;5.3;344
GHCND:USC00351862;19530411;128;0;1953;4;11;6.4;345
GHCND:USC00351862;19530412;122;33;1953;4;12;7.75;346
GHCND:USC00351862;19530413;111;50;1953;4;13;8.05;347
GHCND:USC00351862;19530414;122;17;1953;4;14;6.95;348
GHCND:USC00351862;19530415;150;33;1953;4;15;9.15;349
GHCND:USC00351862;19530416;150;56;1953;4;16;10.3;350
GHCND:USC00351862;19530417;150;78;1953;4;17;11.4;351
GHCND:USC00351862;19530418;161;28;1953;4;18;9.45;352
GHCND:USC00351862;19530419;183;94;1953;4;19;13.85;353
GHCND:USC00351862;19530420;206;67;1953;4;20;13.65;354
GHCND:USC00351862;19530421;222;56;1953;4;21;13.9;355
GHCND:USC00351862;19530422;222;67;1953;4;22;14.45;356
GHCND:USC00351862;19530423;156;83;1953;4;23;11.95;357
GHCND:USC00351862;19530424;161;39;1953;4;24;10;358
GHCND:USC00351862;19530425;217;61;1953;4;25;13.9;359
GHCND:USC00351862;19530426;167;100;1953;4;26;13.35;360
GHCND:USC00351862;19530427;183;89;1953;4;27;13.6;361
GHCND:USC00351862;19530428;122;33;1953;4;28;7.75;362
GHCND:USC00351862;19530429;128;44;1953;4;29;8.6;363
GHCND:USC00351862;19530430;117;22;1953;4;30;6.95;364
GHCND:USC00351862;19530501;128;50;1953;5;1;8.9;365
GHCND:USC00351862;19530502;100;11;1953;5;2;5.55;366
GHCND:USC00351862;19530503;144;61;1953;5;3;10.25;367
GHCND:USC00351862;19530504;222;83;1953;5;4;15.25;368
GHCND:USC00351862;19530505;272;106;1953;5;5;18.9;369
GHCND:USC00351862;19530506;289;106;1953;5;6;19.75;370
GHCND:USC00351862;19530507;200;78;1953;5;7;13.9;371
GHCND:USC00351862;19530508;128;56;1953;5;8;9.2;372
GHCND:USC00351862;19530509;139;28;1953;5;9;8.35;373
GHCND:USC00351862;19530510;139;17;1953;5;10;7.8;374
GHCND:USC00351862;19530511;156;22;1953;5;11;8.9;375
GHCND:USC00351862;19530512;200;89;1953;5;12;14.45;376
GHCND:USC00351862;19530513;256;56;1953;5;13;15.6;377
GHCND:USC00351862;19530514;189;56;1953;5;14;12.25;378
GHCND:USC00351862;19530515;156;67;1953;5;15;11.15;379
GHCND:USC00351862;19530516;117;83;1953;5;16;10;380
GHCND:USC00351862;19530517;161;100;1953;5;17;13.05;381
GHCND:USC00351862;19530518;183;111;1953;5;18;14.7;382
GHCND:USC00351862;19530519;156;72;1953;5;19;11.4;383
GHCND:USC00351862;19530520;156;22;1953;5;20;8.9;384
GHCND:USC00351862;19530521;172;61;1953;5;21;11.65;385
GHCND:USC00351862;19530522;144;56;1953;5;22;10;386
GHCND:USC00351862;19530523;139;67;1953;5;23;10.3;387
GHCND:USC00351862;19530524;111;33;1953;5;24;7.2;388
GHCND:USC00351862;19530525;172;22;1953;5;25;9.7;389
GHCND:USC00351862;19530526;167;78;1953;5;26;12.25;390
GHCND:USC00351862;19530527;167;94;1953;5;27;13.05;391
GHCND:USC00351862;19530528;161;89;1953;5;28;12.5;392
GHCND:USC00351862;19530529;183;111;1953;5;29;14.7;393
GHCND:USC00351862;19530530;161;89;1953;5;30;12.5;394
GHCND:USC00351862;19530531;156;33;1953;5;31;9.45;395
GHCND:USC00351862;19530601;200;78;1953;6;1;13.9;396
GHCND:USC00351862;19530602;172;67;1953;6;2;11.95;397
GHCND:USC00351862;19530603;178;33;1953;6;3;10.55;398
GHCND:USC00351862;19530604;183;56;1953;6;4;11.95;399
GHCND:USC00351862;19530605;156;33;1953;6;5;9.45;400
GHCND:USC00351862;19530606;150;89;1953;6;6;11.95;401
GHCND:USC00351862;19530607;189;89;1953;6;7;13.9;402
GHCND:USC00351862;19530608;156;83;1953;6;8;11.95;403
GHCND:USC00351862;19530609;150;89;1953;6;9;11.95;404
GHCND:USC00351862;19530610;189;56;1953;6;10;12.25;405
GHCND:USC00351862;19530611;222;117;1953;6;11;16.95;406
GHCND:USC00351862;19530612;256;117;1953;6;12;18.65;407
GHCND:USC00351862;19530613;172;78;1953;6;13;12.5;408
GHCND:USC00351862;19530614;217;94;1953;6;14;15.55;409
GHCND:USC00351862;19530615;233;100;1953;6;15;16.65;410
GHCND:USC00351862;19530616;222;83;1953;6;16;15.25;411
GHCND:USC00351862;19530617;244;83;1953;6;17;16.35;412
GHCND:USC00351862;19530618;211;83;1953;6;18;14.7;413
GHCND:USC00351862;19530619;156;83;1953;6;19;11.95;414
GHCND:USC00351862;19530620;167;78;1953;6;20;12.25;415
GHCND:USC00351862;19530621;172;67;1953;6;21;11.95;416
GHCND:USC00351862;19530622;194;78;1953;6;22;13.6;417
GHCND:USC00351862;19530623;189;50;1953;6;23;11.95;418
GHCND:USC00351862;19530624;194;50;1953;6;24;12.2;419
GHCND:USC00351862;19530625;194;94;1953;6;25;14.4;420
GHCND:USC00351862;19530626;178;106;1953;6;26;14.2;421
GHCND:USC00351862;19530627;194;111;1953;6;27;15.25;422
GHCND:USC00351862;19530628;172;106;1953;6;28;13.9;423
GHCND:USC00351862;19530629;194;117;1953;6;29;15.55;424
GHCND:USC00351862;19530630;194;111;1953;6;30;15.25;425
GHCND:USC00351862;19530701;222;83;1953;7;1;15.25;426
GHCND:USC00351862;19530702;233;78;1953;7;2;15.55;427
GHCND:USC00351862;19530703;256;83;1953;7;3;16.95;428
GHCND:USC00351862;19530704;244;94;1953;7;4;16.9;429
GHCND:USC00351862;19530705;267;117;1953;7;5;19.2;430
GHCND:USC00351862;19530706;300;156;1953;7;6;22.8;431
GHCND:USC00351862;19530707;322;133;1953;7;7;22.75;432
GHCND:USC00351862;19530708;294;72;1953;7;8;18.3;433
GHCND:USC00351862;19530709;278;94;1953;7;9;18.6;434
GHCND:USC00351862;19530710;300;89;1953;7;10;19.45;435
GHCND:USC00351862;19530711;300;94;1953;7;11;19.7;436
GHCND:USC00351862;19530712;300;89;1953;7;12;19.45;437
GHCND:USC00351862;19530713;256;117;1953;7;13;18.65;438
GHCND:USC00351862;19530714;256;139;1953;7;14;19.75;439
GHCND:USC00351862;19530715;228;83;1953;7;15;15.55;440
GHCND:USC00351862;19530716;233;117;1953;7;16;17.5;441
GHCND:USC00351862;19530717;300;133;1953;7;17;21.65;442
GHCND:USC00351862;19530718;333;106;1953;7;18;21.95;443
GHCND:USC00351862;19530719;267;94;1953;7;19;18.05;444
GHCND:USC00351862;19530720;244;89;1953;7;20;16.65;445
GHCND:USC00351862;19530721;244;106;1953;7;21;17.5;446
GHCND:USC00351862;19530722;311;89;1953;7;22;20;447
GHCND:USC00351862;19530723;239;94;1953;7;23;16.65;448
GHCND:USC00351862;19530724;239;61;1953;7;24;15;449
GHCND:USC00351862;19530725;239;111;1953;7;25;17.5;450
GHCND:USC00351862;19530726;222;67;1953;7;26;14.45;451
GHCND:USC00351862;19530727;250;72;1953;7;27;16.1;452
GHCND:USC00351862;19530728;250;94;1953;7;28;17.2;453
GHCND:USC00351862;19530729;272;67;1953;7;29;16.95;454
GHCND:USC00351862;19530730;272;78;1953;7;30;17.5;455
GHCND:USC00351862;19530731;250;83;1953;7;31;16.65;456
GHCND:USC00351862;19530801;256;89;1953;8;1;17.25;457
GHCND:USC00351862;19530802;283;78;1953;8;2;18.05;458
GHCND:USC00351862;19530803;272;89;1953;8;3;18.05;459
GHCND:USC00351862;19530804;183;139;1953;8;4;16.1;460
GHCND:USC00351862;19530805;222;139;1953;8;5;18.05;461
GHCND:USC00351862;19530806;272;133;1953;8;6;20.25;462
GHCND:USC00351862;19530807;244;150;1953;8;7;19.7;463
GHCND:USC00351862;19530808;244;78;1953;8;8;16.1;464
GHCND:USC00351862;19530809;250;106;1953;8;9;17.8;465
GHCND:USC00351862;19530810;250;128;1953;8;10;18.9;466
GHCND:USC00351862;19530811;328;128;1953;8;11;22.8;467
GHCND:USC00351862;19530812;344;144;1953;8;12;24.4;468
GHCND:USC00351862;19530813;322;117;1953;8;13;21.95;469
GHCND:USC00351862;19530814;333;106;1953;8;14;21.95;470
GHCND:USC00351862;19530815;333;117;1953;8;15;22.5;471
GHCND:USC00351862;19530816;211;133;1953;8;16;17.2;472
GHCND:USC00351862;19530817;261;128;1953;8;17;19.45;473
GHCND:USC00351862;19530818;283;94;1953;8;18;18.85;474
GHCND:USC00351862;19530819;306;94;1953;8;19;20;475
GHCND:USC00351862;19530820;289;139;1953;8;20;21.4;476
GHCND:USC00351862;19530821;228;72;1953;8;21;15;477
GHCND:USC00351862;19530822;256;67;1953;8;22;16.15;478
GHCND:USC00351862;19530823;256;139;1953;8;23;19.75;479
GHCND:USC00351862;19530824;211;78;1953;8;24;14.45;480
GHCND:USC00351862;19530825;200;100;1953;8;25;15;481
GHCND:USC00351862;19530826;167;133;1953;8;26;15;482
GHCND:USC00351862;19530827;189;128;1953;8;27;15.85;483
GHCND:USC00351862;19530828;211;128;1953;8;28;16.95;484
GHCND:USC00351862;19530829;150;117;1953;8;29;13.35;485
GHCND:USC00351862;19530830;239;89;1953;8;30;16.4;486
GHCND:USC00351862;19530831;244;117;1953;8;31;18.05;487
GHCND:USC00351862;19530901;206;139;1953;9;1;17.25;488
GHCND:USC00351862;19530902;250;133;1953;9;2;19.15;489
GHCND:USC00351862;19530903;256;139;1953;9;3;19.75;490
GHCND:USC00351862;19530904;306;122;1953;9;4;21.4;491
GHCND:USC00351862;19530905;322;100;1953;9;5;21.1;492
GHCND:USC00351862;19530906;311;106;1953;9;6;20.85;493
GHCND:USC00351862;19530907;244;139;1953;9;7;19.15;494
GHCND:USC00351862;19530908;200;144;1953;9;8;17.2;495
GHCND:USC00351862;19530909;244;83;1953;9;9;16.35;496
GHCND:USC00351862;19530910;272;67;1953;9;10;16.95;497
GHCND:USC00351862;19530911;311;111;1953;9;11;21.1;498
GHCND:USC00351862;19530912;239;94;1953;9;12;16.65;499
GHCND:USC00351862;19530913;250;106;1953;9;13;17.8;500
GHCND:USC00351862;19530914;289;117;1953;9;14;20.3;501
GHCND:USC00351862;19530915;294;89;1953;9;15;19.15;502
GHCND:USC00351862;19530916;283;100;1953;9;16;19.15;503
GHCND:USC00351862;19530917;211;67;1953;9;17;13.9;504
GHCND:USC00351862;19530918;228;100;1953;9;18;16.4;505
GHCND:USC00351862;19530919;267;122;1953;9;19;19.45;506
GHCND:USC00351862;19530920;239;89;1953;9;20;16.4;507
GHCND:USC00351862;19530921;294;106;1953;9;21;20;508
GHCND:USC00351862;19530922;211;128;1953;9;22;16.95;509
GHCND:USC00351862;19530923;194;100;1953;9;23;14.7;510
GHCND:USC00351862;19530924;228;44;1953;9;24;13.6;511
GHCND:USC00351862;19530925;239;28;1953;9;25;13.35;512
GHCND:USC00351862;19530926;222;33;1953;9;26;12.75;513
GHCND:USC00351862;19530927;233;111;1953;9;27;17.2;514
GHCND:USC00351862;19530928;211;89;1953;9;28;15;515
GHCND:USC00351862;19530929;194;28;1953;9;29;11.1;516
GHCND:USC00351862;19530930;189;133;1953;9;30;16.1;517
GHCND:USC00351862;19531001;144;83;1953;10;1;11.35;518
GHCND:USC00351862;19531002;144;50;1953;10;2;9.7;519
GHCND:USC00351862;19531003;172;22;1953;10;3;9.7;520
GHCND:USC00351862;19531004;211;61;1953;10;4;13.6;521
GHCND:USC00351862;19531005;261;22;1953;10;5;14.15;522
GHCND:USC00351862;19531006;267;33;1953;10;6;15;523
GHCND:USC00351862;19531007;233;44;1953;10;7;13.85;524
GHCND:USC00351862;19531008;250;100;1953;10;8;17.5;525
GHCND:USC00351862;19531009;222;122;1953;10;9;17.2;526
GHCND:USC00351862;19531010;172;122;1953;10;10;14.7;527
GHCND:USC00351862;19531011;178;44;1953;10;11;11.1;528
GHCND:USC00351862;19531012;167;44;1953;10;12;10.55;529
GHCND:USC00351862;19531013;178;72;1953;10;13;12.5;530
GHCND:USC00351862;19531014;194;72;1953;10;14;13.3;531
GHCND:USC00351862;19531015;183;44;1953;10;15;11.35;532
GHCND:USC00351862;19531016;194;50;1953;10;16;12.2;533
GHCND:USC00351862;19531017;156;78;1953;10;17;11.7;534
GHCND:USC00351862;19531018;156;94;1953;10;18;12.5;535
GHCND:USC00351862;19531019;156;22;1953;10;19;8.9;536
GHCND:USC00351862;19531020;178;50;1953;10;20;11.4;537
GHCND:USC00351862;19531021;156;6;1953;10;21;8.1;538
GHCND:USC00351862;19531022;139;33;1953;10;22;8.6;539
GHCND:USC00351862;19531023;178;11;1953;10;23;9.45;540
GHCND:USC00351862;19531024;183;6;1953;10;24;9.45;541
GHCND:USC00351862;19531025;150;22;1953;10;25;8.6;542
GHCND:USC00351862;19531026;161;22;1953;10;26;9.15;543
GHCND:USC00351862;19531027;178;22;1953;10;27;10;544
GHCND:USC00351862;19531028;178;39;1953;10;28;10.85;545
GHCND:USC00351862;19531029;183;67;1953;10;29;12.5;546
GHCND:USC00351862;19531030;161;78;1953;10;30;11.95;547
GHCND:USC00351862;19531031;172;44;1953;10;31;10.8;548
GHCND:USC00351862;19531101;189;61;1953;11;1;12.5;549
GHCND:USC00351862;19531102;128;0;1953;11;2;6.4;550
GHCND:USC00351862;19531103;111;-22;1953;11;3;4.45;551
GHCND:USC00351862;19531104;78;-11;1953;11;4;3.35;552
GHCND:USC00351862;19531105;106;17;1953;11;5;6.15;553
GHCND:USC00351862;19531106;100;67;1953;11;6;8.35;554
GHCND:USC00351862;19531107;128;56;1953;11;7;9.2;555
GHCND:USC00351862;19531108;167;28;1953;11;8;9.75;556
GHCND:USC00351862;19531109;144;28;1953;11;9;8.6;557
GHCND:USC00351862;19531110;111;33;1953;11;10;7.2;558
GHCND:USC00351862;19531111;122;6;1953;11;11;6.4;559
GHCND:USC00351862;19531112;128;44;1953;11;12;8.6;560
GHCND:USC00351862;19531113;167;72;1953;11;13;11.95;561
GHCND:USC00351862;19531114;133;78;1953;11;14;10.55;562
GHCND:USC00351862;19531115;161;100;1953;11;15;13.05;563
GHCND:USC00351862;19531116;161;78;1953;11;16;11.95;564
GHCND:USC00351862;19531117;89;28;1953;11;17;5.85;565
GHCND:USC00351862;19531118;100;17;1953;11;18;5.85;566
GHCND:USC00351862;19531119;94;44;1953;11;19;6.9;567
GHCND:USC00351862;19531120;72;-11;1953;11;20;3.05;568
GHCND:USC00351862;19531121;89;22;1953;11;21;5.55;569
GHCND:USC00351862;19531122;128;67;1953;11;22;9.75;570
GHCND:USC00351862;19531123;128;44;1953;11;23;8.6;571
GHCND:USC00351862;19531124;128;56;1953;11;24;9.2;572
GHCND:USC00351862;19531125;144;100;1953;11;25;12.2;573
GHCND:USC00351862;19531126;139;72;1953;11;26;10.55;574
GHCND:USC00351862;19531127;117;78;1953;11;27;9.75;575
GHCND:USC00351862;19531128;139;39;1953;11;28;8.9;576
GHCND:USC00351862;19531129;106;50;1953;11;29;7.8;577
GHCND:USC00351862;19531130;111;56;1953;11;30;8.35;578
GHCND:USC00351862;19531201;122;61;1953;12;1;9.15;579
GHCND:USC00351862;19531202;106;72;1953;12;2;8.9;580
GHCND:USC00351862;19531203;139;67;1953;12;3;10.3;581
GHCND:USC00351862;19531204;100;28;1953;12;4;6.4;582
GHCND:USC00351862;19531205;83;39;1953;12;5;6.1;583
GHCND:USC00351862;19531206;89;33;1953;12;6;6.1;584
GHCND:USC00351862;19531207;83;6;1953;12;7;4.45;585
GHCND:USC00351862;19531208;61;17;1953;12;8;3.9;586
GHCND:USC00351862;19531209;117;56;1953;12;9;8.65;587
GHCND:USC00351862;19531210;117;-6;1953;12;10;5.55;588
GHCND:USC00351862;19531211;89;0;1953;12;11;4.45;589
GHCND:USC00351862;19531212;106;61;1953;12;12;8.35;590
GHCND:USC00351862;19531213;133;6;1953;12;13;6.95;591
GHCND:USC00351862;19531214;61;11;1953;12;14;3.6;592
GHCND:USC00351862;19531215;89;22;1953;12;15;5.55;593
GHCND:USC00351862;19531216;72;22;1953;12;16;4.7;594
GHCND:USC00351862;19531217;78;22;1953;12;17;5;595
GHCND:USC00351862;19531218;72;39;1953;12;18;5.55;596
GHCND:USC00351862;19531219;122;50;1953;12;19;8.6;597
GHCND:USC00351862;19531220;144;44;1953;12;20;9.4;598
GHCND:USC00351862;19531221;111;44;1953;12;21;7.75;599
GHCND:USC00351862;19531222;100;-22;1953;12;22;3.9;600
GHCND:USC00351862;19531223;33;-22;1953;12;23;0.55;601
GHCND:USC00351862;19531224;56;-6;1953;12;24;2.5;602
GHCND:USC00351862;19531225;44;11;1953;12;25;2.75;603
GHCND:USC00351862;19531226;44;17;1953;12;26;3.05;604
GHCND:USC00351862;19531227;67;0;1953;12;27;3.35;605
GHCND:USC00351862;19531228;61;22;1953;12;28;4.15;606
GHCND:USC00351862;19531229;94;-17;1953;12;29;3.85;607
GHCND:USC00351862;19531230;89;-17;1953;12;30;3.6;608
GHCND:USC00351862;19531231;17;-6;1953;12;31;0.55;609
GHCND:USC00351862;19540101;83;6;1954;1;1;4.45;610
GHCND:USC00351862;19540102;83;39;1954;1;2;6.1;611
GHCND:USC00351862;19540103;111;11;1954;1;3;6.1;612
GHCND:USC00351862;19540104;83;39;1954;1;4;6.1;613
GHCND:USC00351862;19540105;122;56;1954;1;5;8.9;614
GHCND:USC00351862;19540106;150;0;1954;1;6;7.5;615
GHCND:USC00351862;19540107;89;33;1954;1;7;6.1;616
GHCND:USC00351862;19540108;78;17;1954;1;8;4.75;617
GHCND:USC00351862;19540109;111;17;1954;1;9;6.4;618
GHCND:USC00351862;19540110;89;28;1954;1;10;5.85;619
GHCND:USC00351862;19540111;89;22;1954;1;11;5.55;620
GHCND:USC00351862;19540112;83;-6;1954;1;12;3.85;621
GHCND:USC00351862;19540113;67;-28;1954;1;13;1.95;622
GHCND:USC00351862;19540114;89;39;1954;1;14;6.4;623
GHCND:USC00351862;19540115;100;33;1954;1;15;6.65;624
GHCND:USC00351862;19540116;61;-6;1954;1;16;2.75;625
GHCND:USC00351862;19540117;28;-6;1954;1;17;1.1;626
GHCND:USC00351862;19540118;39;-6;1954;1;18;1.65;627
GHCND:USC00351862;19540119;44;-39;1954;1;19;0.25;628
GHCND:USC00351862;19540120;33;-83;1954;1;20;-2.5;629
GHCND:USC00351862;19540121;50;-22;1954;1;21;1.4;630
GHCND:USC00351862;19540122;94;33;1954;1;22;6.35;631
GHCND:USC00351862;19540123;94;-6;1954;1;23;4.4;632
GHCND:USC00351862;19540124;44;-11;1954;1;24;1.65;633
GHCND:USC00351862;19540125;28;-61;1954;1;25;-1.65;634
GHCND:USC00351862;19540126;39;-11;1954;1;26;1.4;635
GHCND:USC00351862;19540127;39;-6;1954;1;27;1.65;636
GHCND:USC00351862;19540128;67;6;1954;1;28;3.65;637
GHCND:USC00351862;19540129;61;17;1954;1;29;3.9;638
GHCND:USC00351862;19540130;78;33;1954;1;30;5.55;639
GHCND:USC00351862;19540131;111;39;1954;1;31;7.5;640
GHCND:USC00351862;19540201;100;0;1954;2;1;5;641
GHCND:USC00351862;19540202;122;-28;1954;2;2;4.7;642
GHCND:USC00351862;19540203;111;-28;1954;2;3;4.15;643
GHCND:USC00351862;19540204;100;-39;1954;2;4;3.05;644
GHCND:USC00351862;19540205;94;-28;1954;2;5;3.3;645
GHCND:USC00351862;19540206;89;-11;1954;2;6;3.9;646
GHCND:USC00351862;19540207;83;-39;1954;2;7;2.2;647
GHCND:USC00351862;19540208;117;-33;1954;2;8;4.2;648
GHCND:USC00351862;19540209;122;-39;1954;2;9;4.15;649
GHCND:USC00351862;19540210;39;-39;1954;2;10;0;650
GHCND:USC00351862;19540211;61;6;1954;2;11;3.35;651
GHCND:USC00351862;19540212;111;17;1954;2;12;6.4;652
GHCND:USC00351862;19540213;111;61;1954;2;13;8.6;653
GHCND:USC00351862;19540214;94;17;1954;2;14;5.55;654
GHCND:USC00351862;19540215;94;33;1954;2;15;6.35;655
GHCND:USC00351862;19540216;100;56;1954;2;16;7.8;656
GHCND:USC00351862;19540217;139;44;1954;2;17;9.15;657
GHCND:USC00351862;19540218;78;6;1954;2;18;4.2;658
GHCND:USC00351862;19540219;78;-39;1954;2;19;1.95;659
GHCND:USC00351862;19540220;83;56;1954;2;20;6.95;660
GHCND:USC00351862;19540221;111;61;1954;2;21;8.6;661
GHCND:USC00351862;19540222;117;-17;1954;2;22;5;662
GHCND:USC00351862;19540223;128;0;1954;2;23;6.4;663
GHCND:USC00351862;19540224;161;61;1954;2;24;11.1;664
GHCND:USC00351862;19540225;128;28;1954;2;25;7.8;665
GHCND:USC00351862;19540226;128;11;1954;2;26;6.95;666
GHCND:USC00351862;19540227;100;-11;1954;2;27;4.45;667
GHCND:USC00351862;19540228;117;-6;1954;2;28;5.55;668
GHCND:USC00351862;19540301;106;-17;1954;3;1;4.45;669
GHCND:USC00351862;19540302;111;0;1954;3;2;5.55;670
GHCND:USC00351862;19540303;128;11;1954;3;3;6.95;671
GHCND:USC00351862;19540304;111;-33;1954;3;4;3.9;672
GHCND:USC00351862;19540305;139;-28;1954;3;5;5.55;673
GHCND:USC00351862;19540306;144;-17;1954;3;6;6.35;674
GHCND:USC00351862;19540307;117;-11;1954;3;7;5.3;675
GHCND:USC00351862;19540308;106;33;1954;3;8;6.95;676
GHCND:USC00351862;19540309;156;94;1954;3;9;12.5;677
GHCND:USC00351862;19540310;128;-6;1954;3;10;6.1;678
GHCND:USC00351862;19540311;56;-17;1954;3;11;1.95;679
GHCND:USC00351862;19540312;83;-33;1954;3;12;2.5;680
GHCND:USC00351862;19540313;89;-39;1954;3;13;2.5;681
GHCND:USC00351862;19540314;117;6;1954;3;14;6.15;682
GHCND:USC00351862;19540315;111;33;1954;3;15;7.2;683
GHCND:USC00351862;19540316;117;-11;1954;3;16;5.3;684
GHCND:USC00351862;19540317;106;-33;1954;3;17;3.65;685
GHCND:USC00351862;19540318;89;-22;1954;3;18;3.35;686
GHCND:USC00351862;19540319;144;28;1954;3;19;8.6;687
GHCND:USC00351862;19540320;133;-22;1954;3;20;5.55;688
GHCND:USC00351862;19540321;139;-11;1954;3;21;6.4;689
GHCND:USC00351862;19540322;150;6;1954;3;22;7.8;690
GHCND:USC00351862;19540323;167;-6;1954;3;23;8.05;691
GHCND:USC00351862;19540324;167;0;1954;3;24;8.35;692
GHCND:USC00351862;19540325;144;-11;1954;3;25;6.65;693
GHCND:USC00351862;19540326;167;-11;1954;3;26;7.8;694
GHCND:USC00351862;19540327;117;50;1954;3;27;8.35;695
GHCND:USC00351862;19540328;94;17;1954;3;28;5.55;696
GHCND:USC00351862;19540329;83;-11;1954;3;29;3.6;697
GHCND:USC00351862;19540330;122;6;1954;3;30;6.4;698
GHCND:USC00351862;19540331;89;6;1954;3;31;4.75;699
GHCND:USC00351862;19540401;100;33;1954;4;1;6.65;700
GHCND:USC00351862;19540402;106;39;1954;4;2;7.25;701
GHCND:USC00351862;19540403;111;61;1954;4;3;8.6;702
GHCND:USC00351862;19540404;150;89;1954;4;4;11.95;703
GHCND:USC00351862;19540405;161;78;1954;4;5;11.95;704
GHCND:USC00351862;19540406;100;33;1954;4;6;6.65;705
GHCND:USC00351862;19540407;122;-11;1954;4;7;5.55;706
GHCND:USC00351862;19540408;144;56;1954;4;8;10;707
GHCND:USC00351862;19540409;94;6;1954;4;9;5;708
GHCND:USC00351862;19540410;111;6;1954;4;10;5.85;709
GHCND:USC00351862;19540411;144;44;1954;4;11;9.4;710
GHCND:USC00351862;19540412;217;78;1954;4;12;14.75;711
GHCND:USC00351862;19540413;172;100;1954;4;13;13.6;712
GHCND:USC00351862;19540414;156;17;1954;4;14;8.65;713
GHCND:USC00351862;19540415;133;11;1954;4;15;7.2;714
GHCND:USC00351862;19540416;211;44;1954;4;16;12.75;715
GHCND:USC00351862;19540417;250;100;1954;4;17;17.5;716
GHCND:USC00351862;19540418;150;44;1954;4;18;9.7;717
GHCND:USC00351862;19540419;156;-39;1954;4;19;5.85;718
GHCND:USC00351862;19540420;156;44;1954;4;20;10;719
GHCND:USC00351862;19540421;161;44;1954;4;21;10.25;720
GHCND:USC00351862;19540422;194;78;1954;4;22;13.6;721
GHCND:USC00351862;19540423;200;6;1954;4;23;10.3;722
GHCND:USC00351862;19540424;178;11;1954;4;24;9.45;723
GHCND:USC00351862;19540425;206;-6;1954;4;25;10;724
GHCND:USC00351862;19540426;161;56;1954;4;26;10.85;725
GHCND:USC00351862;19540427;156;50;1954;4;27;10.3;726
GHCND:USC00351862;19540428;144;33;1954;4;28;8.85;727
GHCND:USC00351862;19540429;122;-28;1954;4;29;4.7;728
GHCND:USC00351862;19540430;106;0;1954;4;30;5.3;729
GHCND:USC00351862;19540501;122;-17;1954;5;1;5.25;730
GHCND:USC00351862;19540502;183;44;1954;5;2;11.35;731
GHCND:USC00351862;19540503;167;78;1954;5;3;12.25;732
GHCND:USC00351862;19540504;200;72;1954;5;4;13.6;733
GHCND:USC00351862;19540505;161;67;1954;5;5;11.4;734
GHCND:USC00351862;19540506;172;39;1954;5;6;10.55;735
GHCND:USC00351862;19540507;256;72;1954;5;7;16.4;736
GHCND:USC00351862;19540508;283;83;1954;5;8;18.3;737
GHCND:USC00351862;19540509;228;89;1954;5;9;15.85;738
GHCND:USC00351862;19540510;183;61;1954;5;10;12.2;739
GHCND:USC00351862;19540511;228;83;1954;5;11;15.55;740
GHCND:USC00351862;19540512;144;39;1954;5;12;9.15;741
GHCND:USC00351862;19540513;172;44;1954;5;13;10.8;742
GHCND:USC00351862;19540514;206;61;1954;5;14;13.35;743
GHCND:USC00351862;19540515;261;89;1954;5;15;17.5;744
GHCND:USC00351862;19540516;233;61;1954;5;16;14.7;745
GHCND:USC00351862;19540517;278;100;1954;5;17;18.9;746
GHCND:USC00351862;19540518;294;78;1954;5;18;18.6;747
GHCND:USC00351862;19540519;267;56;1954;5;19;16.15;748
GHCND:USC00351862;19540520;233;67;1954;5;20;15;749
GHCND:USC00351862;19540521;167;44;1954;5;21;10.55;750
GHCND:USC00351862;19540522;189;44;1954;5;22;11.65;751
GHCND:USC00351862;19540523;211;50;1954;5;23;13.05;752
GHCND:USC00351862;19540524;267;94;1954;5;24;18.05;753
GHCND:USC00351862;19540525;161;67;1954;5;25;11.4;754
GHCND:USC00351862;19540526;139;78;1954;5;26;10.85;755
GHCND:USC00351862;19540527;144;6;1954;5;27;7.5;756
GHCND:USC00351862;19540528;167;72;1954;5;28;11.95;757
GHCND:USC00351862;19540529;189;78;1954;5;29;13.35;758
GHCND:USC00351862;19540530;150;78;1954;5;30;11.4;759
GHCND:USC00351862;19540531;183;89;1954;5;31;13.6;760
GHCND:USC00351862;19540601;156;122;1954;6;1;13.9;761
GHCND:USC00351862;19540602;183;78;1954;6;2;13.05;762
GHCND:USC00351862;19540603;222;106;1954;6;3;16.4;763
GHCND:USC00351862;19540604;183;44;1954;6;4;11.35;764
GHCND:USC00351862;19540605;156;61;1954;6;5;10.85;765
GHCND:USC00351862;19540606;178;78;1954;6;6;12.8;766
GHCND:USC00351862;19540607;144;61;1954;6;7;10.25;767
GHCND:USC00351862;19540608;194;89;1954;6;8;14.15;768
GHCND:USC00351862;19540609;133;89;1954;6;9;11.1;769
GHCND:USC00351862;19540610;144;72;1954;6;10;10.8;770
GHCND:USC00351862;19540611;161;100;1954;6;11;13.05;771
GHCND:USC00351862;19540612;189;111;1954;6;12;15;772
GHCND:USC00351862;19540613;183;61;1954;6;13;12.2;773
GHCND:USC00351862;19540614;172;83;1954;6;14;12.75;774
GHCND:USC00351862;19540615;167;122;1954;6;15;14.45;775
GHCND:USC00351862;19540616;167;61;1954;6;16;11.4;776
GHCND:USC00351862;19540617;161;50;1954;6;17;10.55;777
GHCND:USC00351862;19540618;172;50;1954;6;18;11.1;778
GHCND:USC00351862;19540619;244;106;1954;6;19;17.5;779
GHCND:USC00351862;19540620;183;117;1954;6;20;15;780
GHCND:USC00351862;19540621;222;67;1954;6;21;14.45;781
GHCND:USC00351862;19540622;261;83;1954;6;22;17.2;782
GHCND:USC00351862;19540623;239;94;1954;6;23;16.65;783
GHCND:USC00351862;19540624;250;83;1954;6;24;16.65;784
GHCND:USC00351862;19540625;256;83;1954;6;25;16.95;785
GHCND:USC00351862;19540626;228;106;1954;6;26;16.7;786
GHCND:USC00351862;19540627;183;117;1954;6;27;15;787
GHCND:USC00351862;19540628;183;72;1954;6;28;12.75;788
GHCND:USC00351862;19540629;217;67;1954;6;29;14.2;789
GHCND:USC00351862;19540630;278;128;1954;6;30;20.3;790
GHCND:USC00351862;19540701;194;111;1954;7;1;15.25;791
GHCND:USC00351862;19540702;189;83;1954;7;2;13.6;792
GHCND:USC00351862;19540703;233;44;1954;7;3;13.85;793
GHCND:USC00351862;19540704;244;61;1954;7;4;15.25;794
GHCND:USC00351862;19540705;267;56;1954;7;5;16.15;795
GHCND:USC00351862;19540706;244;128;1954;7;6;18.6;796
GHCND:USC00351862;19540707;250;139;1954;7;7;19.45;797
GHCND:USC00351862;19540708;194;111;1954;7;8;15.25;798
GHCND:USC00351862;19540709;200;106;1954;7;9;15.3;799
GHCND:USC00351862;19540710;200;128;1954;7;10;16.4;800
GHCND:USC00351862;19540711;211;122;1954;7;11;16.65;801
GHCND:USC00351862;19540712;239;78;1954;7;12;15.85;802
GHCND:USC00351862;19540713;256;122;1954;7;13;18.9;803
GHCND:USC00351862;19540714;283;83;1954;7;14;18.3;804
GHCND:USC00351862;19540715;261;111;1954;7;15;18.6;805
GHCND:USC00351862;19540716;222;139;1954;7;16;18.05;806
GHCND:USC00351862;19540717;267;83;1954;7;17;17.5;807
GHCND:USC00351862;19540718;272;89;1954;7;18;18.05;808
GHCND:USC00351862;19540719;256;94;1954;7;19;17.5;809
GHCND:USC00351862;19540720;222;111;1954;7;20;16.65;810
GHCND:USC00351862;19540721;172;100;1954;7;21;13.6;811
GHCND:USC00351862;19540722;233;100;1954;7;22;16.65;812
GHCND:USC00351862;19540723;278;122;1954;7;23;20;813
GHCND:USC00351862;19540724;289;100;1954;7;24;19.45;814
GHCND:USC00351862;19540725;272;94;1954;7;25;18.3;815
GHCND:USC00351862;19540726;278;67;1954;7;26;17.25;816
GHCND:USC00351862;19540727;278;100;1954;7;27;18.9;817
GHCND:USC00351862;19540728;222;100;1954;7;28;16.1;818
GHCND:USC00351862;19540729;283;72;1954;7;29;17.75;819
GHCND:USC00351862;19540730;294;72;1954;7;30;18.3;820
GHCND:USC00351862;19540731;294;67;1954;7;31;18.05;821
GHCND:USC00351862;19540801;294;89;1954;8;1;19.15;822
GHCND:USC00351862;19540802;300;83;1954;8;2;19.15;823
GHCND:USC00351862;19540803;244;94;1954;8;3;16.9;824
GHCND:USC00351862;19540804;233;89;1954;8;4;16.1;825
GHCND:USC00351862;19540805;200;89;1954;8;5;14.45;826
GHCND:USC00351862;19540806;233;67;1954;8;6;15;827
GHCND:USC00351862;19540807;278;94;1954;8;7;18.6;828
GHCND:USC00351862;19540808;289;89;1954;8;8;18.9;829
GHCND:USC00351862;19540809;244;100;1954;8;9;17.2;830
GHCND:USC00351862;19540810;261;100;1954;8;10;18.05;831
GHCND:USC00351862;19540811;272;61;1954;8;11;16.65;832
GHCND:USC00351862;19540812;278;100;1954;8;12;18.9;833
GHCND:USC00351862;19540813;233;128;1954;8;13;18.05;834
GHCND:USC00351862;19540814;217;83;1954;8;14;15;835
GHCND:USC00351862;19540815;222;78;1954;8;15;15;836
GHCND:USC00351862;19540816;222;67;1954;8;16;14.45;837
GHCND:USC00351862;19540817;250;106;1954;8;17;17.8;838
GHCND:USC00351862;19540818;261;78;1954;8;18;16.95;839
GHCND:USC00351862;19540819;267;156;1954;8;19;21.15;840
GHCND:USC00351862;19540820;233;139;1954;8;20;18.6;841
GHCND:USC00351862;19540821;239;122;1954;8;21;18.05;842
GHCND:USC00351862;19540822;267;128;1954;8;22;19.75;843
GHCND:USC00351862;19540823;289;128;1954;8;23;20.85;844
GHCND:USC00351862;19540824;183;61;1954;8;24;12.2;845
GHCND:USC00351862;19540825;189;83;1954;8;25;13.6;846
GHCND:USC00351862;19540826;194;117;1954;8;26;15.55;847
GHCND:USC00351862;19540827;228;117;1954;8;27;17.25;848
GHCND:USC00351862;19540828;250;117;1954;8;28;18.35;849
GHCND:USC00351862;19540829;222;122;1954;8;29;17.2;850
GHCND:USC00351862;19540830;244;150;1954;8;30;19.7;851
GHCND:USC00351862;19540831;233;89;1954;8;31;16.1;852
GHCND:USC00351862;19540901;256;94;1954;9;1;17.5;853
GHCND:USC00351862;19540902;289;100;1954;9;2;19.45;854
GHCND:USC00351862;19540903;200;72;1954;9;3;13.6;855
GHCND:USC00351862;19540904;222;50;1954;9;4;13.6;856
GHCND:USC00351862;19540905;217;44;1954;9;5;13.05;857
GHCND:USC00351862;19540906;239;50;1954;9;6;14.45;858
GHCND:USC00351862;19540907;239;117;1954;9;7;17.8;859
GHCND:USC00351862;19540908;217;56;1954;9;8;13.65;860
GHCND:USC00351862;19540909;261;44;1954;9;9;15.25;861
GHCND:USC00351862;19540910;267;94;1954;9;10;18.05;862
GHCND:USC00351862;19540911;206;89;1954;9;11;14.75;863
GHCND:USC00351862;19540912;178;117;1954;9;12;14.75;864
GHCND:USC00351862;19540913;194;89;1954;9;13;14.15;865
GHCND:USC00351862;19540914;217;117;1954;9;14;16.7;866
GHCND:USC00351862;19540915;194;128;1954;9;15;16.1;867
GHCND:USC00351862;19540916;161;83;1954;9;16;12.2;868
GHCND:USC00351862;19540917;189;72;1954;9;17;13.05;869
GHCND:USC00351862;19540918;183;61;1954;9;18;12.2;870
GHCND:USC00351862;19540919;222;67;1954;9;19;14.45;871
GHCND:USC00351862;19540920;222;61;1954;9;20;14.15;872
GHCND:USC00351862;19540921;244;56;1954;9;21;15;873
GHCND:USC00351862;19540922;217;94;1954;9;22;15.55;874
GHCND:USC00351862;19540923;200;83;1954;9;23;14.15;875
GHCND:USC00351862;19540924;239;122;1954;9;24;18.05;876
GHCND:USC00351862;19540925;278;78;1954;9;25;17.8;877
GHCND:USC00351862;19540926;294;122;1954;9;26;20.8;878
GHCND:USC00351862;19540927;256;78;1954;9;27;16.7;879
GHCND:USC00351862;19540928;228;22;1954;9;28;12.5;880
GHCND:USC00351862;19540929;194;33;1954;9;29;11.35;881
GHCND:USC00351862;19540930;206;78;1954;9;30;14.2;882
GHCND:USC00351862;19541001;211;44;1954;10;1;12.75;883
GHCND:USC00351862;19541002;211;-11;1954;10;2;10;884
GHCND:USC00351862;19541003;211;56;1954;10;3;13.35;885
GHCND:USC00351862;19541004;206;28;1954;10;4;11.7;886
GHCND:USC00351862;19541005;189;61;1954;10;5;12.5;887
GHCND:USC00351862;19541006;178;83;1954;10;6;13.05;888
GHCND:USC00351862;19541007;172;106;1954;10;7;13.9;889
GHCND:USC00351862;19541008;217;67;1954;10;8;14.2;890
GHCND:USC00351862;19541009;211;33;1954;10;9;12.2;891
GHCND:USC00351862;19541010;194;67;1954;10;10;13.05;892
GHCND:USC00351862;19541011;167;106;1954;10;11;13.65;893
GHCND:USC00351862;19541012;172;83;1954;10;12;12.75;894
GHCND:USC00351862;19541013;89;0;1954;10;13;4.45;895
GHCND:USC00351862;19541014;117;22;1954;10;14;6.95;896
GHCND:USC00351862;19541015;194;28;1954;10;15;11.1;897
GHCND:USC00351862;19541016;217;61;1954;10;16;13.9;898
GHCND:USC00351862;19541017;217;56;1954;10;17;13.65;899
GHCND:USC00351862;19541018;194;67;1954;10;18;13.05;900
GHCND:USC00351862;19541019;194;94;1954;10;19;14.4;901
GHCND:USC00351862;19541020;150;44;1954;10;20;9.7;902
GHCND:USC00351862;19541021;156;78;1954;10;21;11.7;903
GHCND:USC00351862;19541022;144;39;1954;10;22;9.15;904
GHCND:USC00351862;19541023;122;22;1954;10;23;7.2;905
GHCND:USC00351862;19541024;128;11;1954;10;24;6.95;906
GHCND:USC00351862;19541025;133;-6;1954;10;25;6.35;907
GHCND:USC00351862;19541026;139;-28;1954;10;26;5.55;908
GHCND:USC00351862;19541027;167;-28;1954;10;27;6.95;909
GHCND:USC00351862;19541028;172;-11;1954;10;28;8.05;910
GHCND:USC00351862;19541029;161;-28;1954;10;29;6.65;911
GHCND:USC00351862;19541030;178;-6;1954;10;30;8.6;912
GHCND:USC00351862;19541031;178;0;1954;10;31;8.9;913
GHCND:USC00351862;19541101;222;11;1954;11;1;11.65;914
GHCND:USC00351862;19541102;172;39;1954;11;2;10.55;915
GHCND:USC00351862;19541103;122;83;1954;11;3;10.25;916
GHCND:USC00351862;19541104;150;17;1954;11;4;8.35;917
GHCND:USC00351862;19541105;178;28;1954;11;5;10.3;918
GHCND:USC00351862;19541106;144;83;1954;11;6;11.35;919
GHCND:USC00351862;19541107;128;89;1954;11;7;10.85;920
GHCND:USC00351862;19541108;128;83;1954;11;8;10.55;921
GHCND:USC00351862;19541109;128;44;1954;11;9;8.6;922
GHCND:USC00351862;19541110;139;44;1954;11;10;9.15;923
GHCND:USC00351862;19541112;106;50;1954;11;12;7.8;925
GHCND:USC00351862;19541113;189;33;1954;11;13;11.1;926
GHCND:USC00351862;19541114;128;61;1954;11;14;9.45;927
GHCND:USC00351862;19541115;128;89;1954;11;15;10.85;928
GHCND:USC00351862;19541116;139;56;1954;11;16;9.75;929
GHCND:USC00351862;19541117;111;72;1954;11;17;9.15;930
GHCND:USC00351862;19541118;144;83;1954;11;18;11.35;931
GHCND:USC00351862;19541119;128;94;1954;11;19;11.1;932
GHCND:USC00351862;19541120;150;44;1954;11;20;9.7;933
GHCND:USC00351862;19541121;139;39;1954;11;21;8.9;934
GHCND:USC00351862;19541122;128;39;1954;11;22;8.35;935
GHCND:USC00351862;19541123;144;56;1954;11;23;10;936
GHCND:USC00351862;19541124;100;67;1954;11;24;8.35;937
GHCND:USC00351862;19541125;117;44;1954;11;25;8.05;938
GHCND:USC00351862;19541126;156;56;1954;11;26;10.6;939
GHCND:USC00351862;19541127;133;28;1954;11;27;8.05;940
GHCND:USC00351862;19541128;94;-6;1954;11;28;4.4;941
GHCND:USC00351862;19541129;50;17;1954;11;29;3.35;942
GHCND:USC00351862;19541130;39;0;1954;11;30;1.95;943
GHCND:USC00351862;19541201;56;-11;1954;12;1;2.25;944
GHCND:USC00351862;19541202;67;-11;1954;12;2;2.8;945
GHCND:USC00351862;19541203;61;6;1954;12;3;3.35;946
GHCND:USC00351862;19541204;83;11;1954;12;4;4.7;947
GHCND:USC00351862;19541205;150;33;1954;12;5;9.15;948
GHCND:USC00351862;19541206;106;44;1954;12;6;7.5;949
GHCND:USC00351862;19541207;67;11;1954;12;7;3.9;950
GHCND:USC00351862;19541208;94;-11;1954;12;8;4.15;951
GHCND:USC00351862;19541209;100;39;1954;12;9;6.95;952
GHCND:USC00351862;19541210;94;-17;1954;12;10;3.85;953
GHCND:USC00351862;19541211;100;-39;1954;12;11;3.05;954
GHCND:USC00351862;19541212;72;-22;1954;12;12;2.5;955
GHCND:USC00351862;19541213;67;39;1954;12;13;5.3;956
GHCND:USC00351862;19541214;94;33;1954;12;14;6.35;957
GHCND:USC00351862;19541215;111;6;1954;12;15;5.85;958
GHCND:USC00351862;19541216;89;-6;1954;12;16;4.15;959
GHCND:USC00351862;19541217;67;6;1954;12;17;3.65;960
GHCND:USC00351862;19541218;117;-44;1954;12;18;3.65;961
GHCND:USC00351862;19541219;89;-50;1954;12;19;1.95;962
GHCND:USC00351862;19541220;39;-33;1954;12;20;0.3;963
GHCND:USC00351862;19541221;78;-11;1954;12;21;3.35;964
GHCND:USC00351862;19541222;78;6;1954;12;22;4.2;965
GHCND:USC00351862;19541223;94;50;1954;12;23;7.2;966
GHCND:USC00351862;19541224;111;17;1954;12;24;6.4;967
GHCND:USC00351862;19541225;50;-6;1954;12;25;2.2;968
GHCND:USC00351862;19541226;28;-22;1954;12;26;0.3;969
GHCND:USC00351862;19541227;56;-17;1954;12;27;1.95;970
GHCND:USC00351862;19541228;39;-17;1954;12;28;1.1;971
GHCND:USC00351862;19541229;72;28;1954;12;29;5;972
GHCND:USC00351862;19541230;94;44;1954;12;30;6.9;973
GHCND:USC00351862;19541231;122;72;1954;12;31;9.7;974
GHCND:USC00351862;19550101;89;22;1955;1;1;5.55;975
GHCND:USC00351862;19550102;89;-11;1955;1;2;3.9;976
GHCND:USC00351862;19550103;78;-17;1955;1;3;3.05;977
GHCND:USC00351862;19550104;39;-11;1955;1;4;1.4;978
GHCND:USC00351862;19550105;50;-6;1955;1;5;2.2;979
GHCND:USC00351862;19550106;67;6;1955;1;6;3.65;980
GHCND:USC00351862;19550107;33;6;1955;1;7;1.95;981
GHCND:USC00351862;19550108;22;-6;1955;1;8;0.8;982
GHCND:USC00351862;19550109;33;0;1955;1;9;1.65;983
GHCND:USC00351862;19550110;56;-22;1955;1;10;1.7;984
GHCND:USC00351862;19550111;17;-22;1955;1;11;-0.25;985
GHCND:USC00351862;19550113;78;6;1955;1;13;4.2;987
GHCND:USC00351862;19550114;78;-28;1955;1;14;2.5;988
GHCND:USC00351862;19550115;56;-6;1955;1;15;2.5;989
GHCND:USC00351862;19550116;61;17;1955;1;16;3.9;990
GHCND:USC00351862;19550117;61;11;1955;1;17;3.6;991
GHCND:USC00351862;19550118;83;-22;1955;1;18;3.05;992
GHCND:USC00351862;19550119;94;-6;1955;1;19;4.4;993
GHCND:USC00351862;19550120;89;11;1955;1;20;5;994
GHCND:USC00351862;19550121;72;17;1955;1;21;4.45;995
GHCND:USC00351862;19550122;72;33;1955;1;22;5.25;996
GHCND:USC00351862;19550123;122;22;1955;1;23;7.2;997
GHCND:USC00351862;19550124;122;0;1955;1;24;6.1;998
GHCND:USC00351862;19550125;111;17;1955;1;25;6.4;999
GHCND:USC00351862;19550126;106;-17;1955;1;26;4.45;1000
GHCND:USC00351862;19550127;28;6;1955;1;27;1.7;1001
GHCND:USC00351862;19550128;22;-6;1955;1;28;0.8;1002
GHCND:USC00351862;19550129;11;-6;1955;1;29;0.25;1003
GHCND:USC00351862;19550130;56;0;1955;1;30;2.8;1004
GHCND:USC00351862;19550131;56;39;1955;1;31;4.75;1005
GHCND:USC00351862;19550201;89;11;1955;2;1;5;1006
GHCND:USC00351862;19550202;56;-22;1955;2;2;1.7;1007
GHCND:USC00351862;19550203;78;-11;1955;2;3;3.35;1008
GHCND:USC00351862;19550204;44;-11;1955;2;4;1.65;1009
GHCND:USC00351862;19550205;67;17;1955;2;5;4.2;1010
GHCND:USC00351862;19550206;94;44;1955;2;6;6.9;1011
GHCND:USC00351862;19550207;117;61;1955;2;7;8.9;1012
GHCND:USC00351862;19550208;122;67;1955;2;8;9.45;1013
GHCND:USC00351862;19550209;94;-22;1955;2;9;3.6;1014
GHCND:USC00351862;19550210;89;-22;1955;2;10;3.35;1015
GHCND:USC00351862;19550211;100;-22;1955;2;11;3.9;1016
GHCND:USC00351862;19550212;83;-11;1955;2;12;3.6;1017
GHCND:USC00351862;19550213;111;17;1955;2;13;6.4;1018
GHCND:USC00351862;19550214;144;11;1955;2;14;7.75;1019
GHCND:USC00351862;19550215;111;-6;1955;2;15;5.25;1020
GHCND:USC00351862;19550216;111;6;1955;2;16;5.85;1021
GHCND:USC00351862;19550217;94;-44;1955;2;17;2.5;1022
GHCND:USC00351862;19550218;83;-44;1955;2;18;1.95;1023
GHCND:USC00351862;19550219;72;-61;1955;2;19;0.55;1024
GHCND:USC00351862;19550220;89;-44;1955;2;20;2.25;1025
GHCND:USC00351862;19550221;94;-50;1955;2;21;2.2;1026
GHCND:USC00351862;19550222;106;11;1955;2;22;5.85;1027
GHCND:USC00351862;19550223;106;-6;1955;2;23;5;1028
GHCND:USC00351862;19550224;89;28;1955;2;24;5.85;1029
GHCND:USC00351862;19550225;72;-33;1955;2;25;1.95;1030
GHCND:USC00351862;19550226;67;0;1955;2;26;3.35;1031
GHCND:USC00351862;19550227;61;-6;1955;2;27;2.75;1032
GHCND:USC00351862;19550228;83;6;1955;2;28;4.45;1033
GHCND:USC00351862;19550301;78;22;1955;3;1;5;1034
GHCND:USC00351862;19550302;78;0;1955;3;2;3.9;1035
GHCND:USC00351862;19550303;72;-6;1955;3;3;3.3;1036
GHCND:USC00351862;19550304;61;-22;1955;3;4;1.95;1037
GHCND:USC00351862;19550305;44;-50;1955;3;5;-0.3;1038
GHCND:USC00351862;19550306;61;-33;1955;3;6;1.4;1039
GHCND:USC00351862;19550307;111;-11;1955;3;7;5;1040
GHCND:USC00351862;19550308;144;-28;1955;3;8;5.8;1041
GHCND:USC00351862;19550309;156;33;1955;3;9;9.45;1042
GHCND:USC00351862;19550310;128;44;1955;3;10;8.6;1043
GHCND:USC00351862;19550311;83;17;1955;3;11;5;1044
GHCND:USC00351862;19550312;83;33;1955;3;12;5.8;1045
GHCND:USC00351862;19550313;94;-6;1955;3;13;4.4;1046
GHCND:USC00351862;19550314;56;-22;1955;3;14;1.7;1047
GHCND:USC00351862;19550315;78;-39;1955;3;15;1.95;1048
GHCND:USC00351862;19550316;83;-28;1955;3;16;2.75;1049
GHCND:USC00351862;19550317;50;-6;1955;3;17;2.2;1050
GHCND:USC00351862;19550318;117;0;1955;3;18;5.85;1051
GHCND:USC00351862;19550319;133;0;1955;3;19;6.65;1052
GHCND:USC00351862;19550320;106;-56;1955;3;20;2.5;1053
GHCND:USC00351862;19550321;111;17;1955;3;21;6.4;1054
GHCND:USC00351862;19550322;89;39;1955;3;22;6.4;1055
GHCND:USC00351862;19550323;94;-28;1955;3;23;3.3;1056
GHCND:USC00351862;19550324;78;22;1955;3;24;5;1057
GHCND:USC00351862;19550325;67;33;1955;3;25;5;1058
GHCND:USC00351862;19550326;106;22;1955;3;26;6.4;1059
GHCND:USC00351862;19550327;128;39;1955;3;27;8.35;1060
GHCND:USC00351862;19550328;133;39;1955;3;28;8.6;1061
GHCND:USC00351862;19550329;111;33;1955;3;29;7.2;1062
GHCND:USC00351862;19550330;83;33;1955;3;30;5.8;1063
GHCND:USC00351862;19550331;100;50;1955;3;31;7.5;1064
GHCND:USC00351862;19550401;144;33;1955;4;1;8.85;1065
GHCND:USC00351862;19550402;94;-6;1955;4;2;4.4;1066
GHCND:USC00351862;19550403;94;22;1955;4;3;5.8;1067
GHCND:USC00351862;19550404;106;-17;1955;4;4;4.45;1068
GHCND:USC00351862;19550405;111;6;1955;4;5;5.85;1069
